{
	"format_version": "1.21.6",
	"credit": "Made with Blockbench",
	"textures": {
		"0": "mctcore:mct/bradglasses",
		"particle": "mctcore:mct/bradglasses"
	},
	"elements": [
		{
			"from": [10.5, 6, 5],
			"to": [12.5, 7, 6],
			"rotation": {"angle": 0, "axis": "y", "origin": [10.5, 6, 5]},
			"faces": {
				"north": {"uv": [9, 6, 11, 7], "texture": "#0"},
				"east": {"uv": [8, 13, 9, 14], "texture": "#0"},
				"south": {"uv": [9, 7, 11, 8], "texture": "#0"},
				"west": {"uv": [13, 8, 14, 9], "texture": "#0"},
				"up": {"uv": [8, 11, 6, 10], "texture": "#0"},
				"down": {"uv": [12, 9, 10, 10], "texture": "#0"}
			}
		},
		{
			"from": [7.5, 4, 5],
			"to": [9.5, 5, 6],
			"rotation": {"angle": 0, "axis": "y", "origin": [7.5, 4, 5]},
			"faces": {
				"north": {"uv": [10, 10, 12, 11], "texture": "#0"},
				"east": {"uv": [5, 14, 6, 15], "texture": "#0"},
				"south": {"uv": [11, 0, 13, 1], "texture": "#0"},
				"west": {"uv": [14, 5, 15, 6], "texture": "#0"},
				"up": {"uv": [13, 2, 11, 1], "texture": "#0"},
				"down": {"uv": [13, 3, 11, 4], "texture": "#0"}
			}
		},
		{
			"from": [4.5, 6, 5],
			"to": [6.5, 7, 6],
			"rotation": {"angle": 0, "axis": "y", "origin": [4.5, 6, 5]},
			"faces": {
				"north": {"uv": [11, 4, 13, 5], "texture": "#0"},
				"east": {"uv": [6, 14, 7, 15], "texture": "#0"},
				"south": {"uv": [11, 5, 13, 6], "texture": "#0"},
				"west": {"uv": [14, 6, 15, 7], "texture": "#0"},
				"up": {"uv": [8, 12, 6, 11], "texture": "#0"},
				"down": {"uv": [13, 6, 11, 7], "texture": "#0"}
			}
		},
		{
			"from": [4.5, 2, 5],
			"to": [6.5, 3, 6],
			"rotation": {"angle": 0, "axis": "y", "origin": [4.5, 2, 5]},
			"faces": {
				"north": {"uv": [11, 7, 13, 8], "texture": "#0"},
				"east": {"uv": [7, 14, 8, 15], "texture": "#0"},
				"south": {"uv": [11, 8, 13, 9], "texture": "#0"},
				"west": {"uv": [14, 7, 15, 8], "texture": "#0"},
				"up": {"uv": [12, 12, 10, 11], "texture": "#0"},
				"down": {"uv": [14, 2, 12, 3], "texture": "#0"}
			}
		},
		{
			"from": [10.5, 2, 5],
			"to": [12.5, 3, 6],
			"rotation": {"angle": 0, "axis": "y", "origin": [10.5, 2, 5]},
			"faces": {
				"north": {"uv": [6, 12, 8, 13], "texture": "#0"},
				"east": {"uv": [8, 14, 9, 15], "texture": "#0"},
				"south": {"uv": [8, 12, 10, 13], "texture": "#0"},
				"west": {"uv": [14, 8, 15, 9], "texture": "#0"},
				"up": {"uv": [14, 10, 12, 9], "texture": "#0"},
				"down": {"uv": [12, 12, 10, 13], "texture": "#0"}
			}
		},
		{
			"from": [6.5, 2, 5],
			"to": [7.5, 7, 6],
			"rotation": {"angle": 0, "axis": "y", "origin": [6.5, 2, 5]},
			"faces": {
				"north": {"uv": [0, 0, 1, 5], "texture": "#0"},
				"east": {"uv": [1, 0, 2, 5], "texture": "#0"},
				"south": {"uv": [2, 0, 3, 5], "texture": "#0"},
				"west": {"uv": [3, 0, 4, 5], "texture": "#0"},
				"up": {"uv": [14, 2, 13, 1], "texture": "#0"},
				"down": {"uv": [5, 13, 4, 14], "texture": "#0"}
			}
		},
		{
			"from": [9.5, 2, 5],
			"to": [10.5, 7, 6],
			"rotation": {"angle": 0, "axis": "y", "origin": [9.5, 2, 5]},
			"faces": {
				"north": {"uv": [4, 0, 5, 5], "texture": "#0"},
				"east": {"uv": [0, 5, 1, 10], "texture": "#0"},
				"south": {"uv": [5, 0, 6, 5], "texture": "#0"},
				"west": {"uv": [1, 5, 2, 10], "texture": "#0"},
				"up": {"uv": [6, 14, 5, 13], "texture": "#0"},
				"down": {"uv": [14, 5, 13, 6], "texture": "#0"}
			}
		},
		{
			"from": [12.5, 2, 5],
			"to": [13.5, 7, 6],
			"rotation": {"angle": 0, "axis": "y", "origin": [12.5, 2, 5]},
			"faces": {
				"north": {"uv": [2, 5, 3, 10], "texture": "#0"},
				"east": {"uv": [3, 5, 4, 10], "texture": "#0"},
				"south": {"uv": [4, 5, 5, 10], "texture": "#0"},
				"west": {"uv": [5, 5, 6, 10], "texture": "#0"},
				"up": {"uv": [7, 14, 6, 13], "texture": "#0"},
				"down": {"uv": [14, 6, 13, 7], "texture": "#0"}
			}
		},
		{
			"from": [3.5, 2, 5],
			"to": [4.5, 7, 6],
			"rotation": {"angle": 0, "axis": "y", "origin": [3.5, 2, 5]},
			"faces": {
				"north": {"uv": [6, 0, 7, 5], "texture": "#0"},
				"east": {"uv": [6, 5, 7, 10], "texture": "#0"},
				"south": {"uv": [7, 0, 8, 5], "texture": "#0"},
				"west": {"uv": [7, 5, 8, 10], "texture": "#0"},
				"up": {"uv": [8, 14, 7, 13], "texture": "#0"},
				"down": {"uv": [14, 7, 13, 8], "texture": "#0"}
			}
		},
		{
			"from": [2.5, 4, 5],
			"to": [3.5, 5, 6],
			"rotation": {"angle": 0, "axis": "y", "origin": [2.5, 4, 5]},
			"faces": {
				"north": {"uv": [9, 13, 10, 14], "texture": "#0"},
				"east": {"uv": [10, 13, 11, 14], "texture": "#0"},
				"south": {"uv": [11, 13, 12, 14], "texture": "#0"},
				"west": {"uv": [13, 12, 14, 13], "texture": "#0"},
				"up": {"uv": [14, 14, 13, 13], "texture": "#0"},
				"down": {"uv": [2, 14, 1, 15], "texture": "#0"}
			}
		},
		{
			"from": [1.5, 4, 5],
			"to": [2.5, 5, 8],
			"rotation": {"angle": 0, "axis": "y", "origin": [1.5, 4, 5]},
			"faces": {
				"north": {"uv": [9, 14, 10, 15], "texture": "#0"},
				"east": {"uv": [8, 0, 11, 1], "texture": "#0"},
				"south": {"uv": [14, 9, 15, 10], "texture": "#0"},
				"west": {"uv": [8, 1, 11, 2], "texture": "#0"},
				"up": {"uv": [9, 5, 8, 2], "texture": "#0"},
				"down": {"uv": [9, 5, 8, 8], "texture": "#0"}
			}
		},
		{
			"from": [1.5, 5, 8],
			"to": [2.5, 6, 10],
			"rotation": {"angle": 0, "axis": "y", "origin": [1.5, 5, 8]},
			"faces": {
				"north": {"uv": [11, 14, 12, 15], "texture": "#0"},
				"east": {"uv": [12, 10, 14, 11], "texture": "#0"},
				"south": {"uv": [14, 11, 15, 12], "texture": "#0"},
				"west": {"uv": [12, 11, 14, 12], "texture": "#0"},
				"up": {"uv": [13, 14, 12, 12], "texture": "#0"},
				"down": {"uv": [1, 13, 0, 15], "texture": "#0"}
			}
		},
		{
			"from": [1.5, 3, 10],
			"to": [2.5, 6, 11],
			"rotation": {"angle": 0, "axis": "y", "origin": [1.5, 3, 10]},
			"faces": {
				"north": {"uv": [9, 9, 10, 12], "texture": "#0"},
				"east": {"uv": [0, 10, 1, 13], "texture": "#0"},
				"south": {"uv": [1, 10, 2, 13], "texture": "#0"},
				"west": {"uv": [2, 10, 3, 13], "texture": "#0"},
				"up": {"uv": [14, 15, 13, 14], "texture": "#0"},
				"down": {"uv": [15, 13, 14, 14], "texture": "#0"}
			}
		},
		{
			"from": [14.5, 3, 10],
			"to": [15.5, 6, 11],
			"rotation": {"angle": 0, "axis": "y", "origin": [14.5, 3, 10]},
			"faces": {
				"north": {"uv": [3, 10, 4, 13], "texture": "#0"},
				"east": {"uv": [10, 3, 11, 6], "texture": "#0"},
				"south": {"uv": [4, 10, 5, 13], "texture": "#0"},
				"west": {"uv": [5, 10, 6, 13], "texture": "#0"},
				"up": {"uv": [15, 15, 14, 14], "texture": "#0"},
				"down": {"uv": [1, 15, 0, 16], "texture": "#0"}
			}
		},
		{
			"from": [14.5, 5, 8],
			"to": [15.5, 6, 10],
			"rotation": {"angle": 0, "axis": "y", "origin": [14.5, 5, 8]},
			"faces": {
				"north": {"uv": [12, 14, 13, 15], "texture": "#0"},
				"east": {"uv": [13, 0, 15, 1], "texture": "#0"},
				"south": {"uv": [14, 12, 15, 13], "texture": "#0"},
				"west": {"uv": [1, 13, 3, 14], "texture": "#0"},
				"up": {"uv": [4, 15, 3, 13], "texture": "#0"},
				"down": {"uv": [14, 3, 13, 5], "texture": "#0"}
			}
		},
		{
			"from": [14.5, 4, 5],
			"to": [15.5, 5, 8],
			"rotation": {"angle": 0, "axis": "y", "origin": [14.5, 4, 5]},
			"faces": {
				"north": {"uv": [10, 14, 11, 15], "texture": "#0"},
				"east": {"uv": [8, 8, 11, 9], "texture": "#0"},
				"south": {"uv": [14, 10, 15, 11], "texture": "#0"},
				"west": {"uv": [9, 2, 12, 3], "texture": "#0"},
				"up": {"uv": [10, 6, 9, 3], "texture": "#0"},
				"down": {"uv": [9, 9, 8, 12], "texture": "#0"}
			}
		},
		{
			"from": [13.5, 4, 5],
			"to": [14.5, 5, 6],
			"rotation": {"angle": 0, "axis": "y", "origin": [13.5, 4, 5]},
			"faces": {
				"north": {"uv": [14, 1, 15, 2], "texture": "#0"},
				"east": {"uv": [2, 14, 3, 15], "texture": "#0"},
				"south": {"uv": [14, 2, 15, 3], "texture": "#0"},
				"west": {"uv": [14, 3, 15, 4], "texture": "#0"},
				"up": {"uv": [5, 15, 4, 14], "texture": "#0"},
				"down": {"uv": [15, 4, 14, 5], "texture": "#0"}
			}
		}
	],
	"display": {
		"head": {
			"translation": [-0.5, 0.25, -4.25]
		}
	}
}
