{
	"format_version": "1.21.6",
	"credit": "Made with Blockbench",
	"texture_size": [64, 64],
	"textures": {
		"0": "mctcore:ss/chainsaw"
	},
	"elements": [
		{
			"from": [5.7, 12.4, -7],
			"to": [6.7, 17.4, 10],
			"rotation": {"angle": 0, "axis": "y", "origin": [6.7, 12.4, -6]},
			"faces": {
				"north": {"uv": [6.5, 2.75, 6.75, 4], "texture": "#0"},
				"east": {"uv": [0, 0, 4.25, 1.25], "texture": "#0"},
				"south": {"uv": [6.75, 4.75, 7, 6], "texture": "#0"},
				"west": {"uv": [0, 1.25, 4.25, 2.5], "texture": "#0"},
				"up": {"uv": [5.25, 10.25, 5, 6], "texture": "#0"},
				"down": {"uv": [5.5, 6, 5.25, 10.25], "texture": "#0"}
			}
		},
		{
			"from": [1.3, 12, 8],
			"to": [8.3, 19, 20],
			"rotation": {"angle": 0, "axis": "y", "origin": [2.3, 12, 9]},
			"faces": {
				"north": {"uv": [5, 4.25, 6.75, 6], "texture": "#0"},
				"east": {"uv": [0, 2.5, 3, 4.25], "texture": "#0"},
				"south": {"uv": [5.75, 0, 7.5, 1.75], "texture": "#0"},
				"west": {"uv": [3, 2.5, 6, 4.25], "texture": "#0"},
				"up": {"uv": [1.75, 7.25, 0, 4.25], "texture": "#0"},
				"down": {"uv": [3.5, 4.25, 1.75, 7.25], "texture": "#0"}
			}
		},
		{
			"from": [1.8, 19, 8.9],
			"to": [7.8, 21, 18.9],
			"rotation": {"angle": 0, "axis": "y", "origin": [2.8, 19, 9.9]},
			"faces": {
				"north": {"uv": [7.25, 3.25, 8.75, 3.75], "texture": "#0"},
				"east": {"uv": [5.75, 1.75, 8.25, 2.25], "texture": "#0"},
				"south": {"uv": [7.25, 3.75, 8.75, 4.25], "texture": "#0"},
				"west": {"uv": [6, 2.25, 8.5, 2.75], "texture": "#0"},
				"up": {"uv": [5.75, 2.5, 4.25, 0], "texture": "#0"},
				"down": {"uv": [5, 4.25, 3.5, 6.75], "texture": "#0"}
			}
		},
		{
			"from": [0, 17, 12],
			"to": [2, 25, 14],
			"rotation": {"angle": 0, "axis": "y", "origin": [1, 17, 13]},
			"faces": {
				"north": {"uv": [5.5, 6, 6, 8], "texture": "#0"},
				"east": {"uv": [6, 6, 6.5, 8], "texture": "#0"},
				"south": {"uv": [6.5, 6, 7, 8], "texture": "#0"},
				"west": {"uv": [6.75, 2.75, 7.25, 4.75], "texture": "#0"},
				"up": {"uv": [8.5, 1.5, 8, 1], "texture": "#0"},
				"down": {"uv": [7, 8, 6.5, 8.5], "texture": "#0"}
			}
		},
		{
			"from": [7.6, 17, 12],
			"to": [9.6, 25, 14],
			"rotation": {"angle": 0, "axis": "y", "origin": [8.6, 17, 13]},
			"faces": {
				"north": {"uv": [3.5, 6.75, 4, 8.75], "texture": "#0"},
				"east": {"uv": [4, 6.75, 4.5, 8.75], "texture": "#0"},
				"south": {"uv": [4.5, 6.75, 5, 8.75], "texture": "#0"},
				"west": {"uv": [7, 4.75, 7.5, 6.75], "texture": "#0"},
				"up": {"uv": [8.5, 7.25, 8, 6.75], "texture": "#0"},
				"down": {"uv": [8.5, 7.25, 8, 7.75], "texture": "#0"}
			}
		},
		{
			"from": [2, 23, 12],
			"to": [8, 25, 14],
			"rotation": {"angle": 0, "axis": "y", "origin": [3, 23, 13]},
			"faces": {
				"north": {"uv": [7.25, 4.25, 8.75, 4.75], "texture": "#0"},
				"east": {"uv": [8, 7.75, 8.5, 8.25], "texture": "#0"},
				"south": {"uv": [7.5, 4.75, 9, 5.25], "texture": "#0"},
				"west": {"uv": [0, 8.25, 0.5, 8.75], "texture": "#0"},
				"up": {"uv": [9, 5.75, 7.5, 5.25], "texture": "#0"},
				"down": {"uv": [9, 5.75, 7.5, 6.25], "texture": "#0"}
			}
		},
		{
			"from": [1, 13, 15],
			"to": [2, 17, 19],
			"rotation": {"angle": 0, "axis": "y", "origin": [2, 13, 16]},
			"faces": {
				"north": {"uv": [3.25, 7.25, 3.5, 8.25], "texture": "#0"},
				"east": {"uv": [7, 6.75, 8, 7.75], "texture": "#0"},
				"south": {"uv": [2.5, 7.75, 2.75, 8.75], "texture": "#0"},
				"west": {"uv": [0, 7.25, 1, 8.25], "texture": "#0"},
				"up": {"uv": [0.75, 9.25, 0.5, 8.25], "texture": "#0"},
				"down": {"uv": [1, 8.25, 0.75, 9.25], "texture": "#0"}
			}
		},
		{
			"from": [4, 14, 20],
			"to": [6, 16, 26],
			"rotation": {"angle": 0, "axis": "y", "origin": [5, 14, 21]},
			"faces": {
				"north": {"uv": [1, 8.25, 1.5, 8.75], "texture": "#0"},
				"east": {"uv": [7.5, 6.25, 9, 6.75], "texture": "#0"},
				"south": {"uv": [1.5, 8.25, 2, 8.75], "texture": "#0"},
				"west": {"uv": [1, 7.75, 2.5, 8.25], "texture": "#0"},
				"up": {"uv": [6.5, 4.25, 6, 2.75], "texture": "#0"},
				"down": {"uv": [7.5, 7.75, 7, 9.25], "texture": "#0"}
			}
		},
		{
			"from": [4, 19, 19],
			"to": [6, 21, 26],
			"rotation": {"angle": 0, "axis": "y", "origin": [5, 19, 20]},
			"faces": {
				"north": {"uv": [8.25, 1.5, 8.75, 2], "texture": "#0"},
				"east": {"uv": [1, 7.25, 2.75, 7.75], "texture": "#0"},
				"south": {"uv": [2, 8.25, 2.5, 8.75], "texture": "#0"},
				"west": {"uv": [7.25, 2.75, 9, 3.25], "texture": "#0"},
				"up": {"uv": [3.25, 9, 2.75, 7.25], "texture": "#0"},
				"down": {"uv": [8, 0, 7.5, 1.75], "texture": "#0"}
			}
		},
		{
			"from": [4, 16, 24],
			"to": [6, 19, 26],
			"rotation": {"angle": 0, "axis": "y", "origin": [5, 16, 25]},
			"faces": {
				"north": {"uv": [7.5, 7.75, 8, 8.75], "texture": "#0"},
				"east": {"uv": [8, 0, 8.5, 1], "texture": "#0"},
				"south": {"uv": [5.5, 8, 6, 9], "texture": "#0"},
				"west": {"uv": [6, 8, 6.5, 9], "texture": "#0"},
				"up": {"uv": [8.5, 8.75, 8, 8.25], "texture": "#0"},
				"down": {"uv": [9, 0, 8.5, 0.5], "texture": "#0"}
			}
		},
		{
			"from": [6.1, 17.3, 7],
			"to": [6.1, 18.3, 8],
			"rotation": {"angle": 0, "axis": "y", "origin": [7.1, 17.3, 8]},
			"faces": {
				"north": {"uv": [0, 0, 0, 0.25], "texture": "#0"},
				"east": {"uv": [5.75, 2.25, 6, 2.5], "texture": "#0"},
				"south": {"uv": [0, 0, 0, 0.25], "texture": "#0"},
				"west": {"uv": [6.5, 4, 6.75, 4.25], "texture": "#0"},
				"up": {"uv": [0, 0.25, 0, 0], "texture": "#0"},
				"down": {"uv": [0, 0, 0, 0.25], "texture": "#0"}
			}
		},
		{
			"from": [6.1, 17.3, 5],
			"to": [6.1, 18.3, 6],
			"rotation": {"angle": 0, "axis": "y", "origin": [7.1, 17.3, 6]},
			"faces": {
				"north": {"uv": [0, 0, 0, 0.25], "texture": "#0"},
				"east": {"uv": [8, 1.5, 8.25, 1.75], "texture": "#0"},
				"south": {"uv": [0, 0, 0, 0.25], "texture": "#0"},
				"west": {"uv": [8.25, 2, 8.5, 2.25], "texture": "#0"},
				"up": {"uv": [0, 0.25, 0, 0], "texture": "#0"},
				"down": {"uv": [0, 0, 0, 0.25], "texture": "#0"}
			}
		},
		{
			"from": [6.1, 17.3, 3],
			"to": [6.1, 18.3, 4],
			"rotation": {"angle": 0, "axis": "y", "origin": [7.1, 17.3, 4]},
			"faces": {
				"north": {"uv": [0, 0, 0, 0.25], "texture": "#0"},
				"east": {"uv": [3.25, 8.25, 3.5, 8.5], "texture": "#0"},
				"south": {"uv": [0, 0, 0, 0.25], "texture": "#0"},
				"west": {"uv": [8.5, 0.5, 8.75, 0.75], "texture": "#0"},
				"up": {"uv": [0, 0.25, 0, 0], "texture": "#0"},
				"down": {"uv": [0, 0, 0, 0.25], "texture": "#0"}
			}
		},
		{
			"from": [6.1, 17.3, 1],
			"to": [6.1, 18.3, 2],
			"rotation": {"angle": 0, "axis": "y", "origin": [7.1, 17.3, 2]},
			"faces": {
				"north": {"uv": [0, 0, 0, 0.25], "texture": "#0"},
				"east": {"uv": [8.5, 0.75, 8.75, 1], "texture": "#0"},
				"south": {"uv": [0, 0, 0, 0.25], "texture": "#0"},
				"west": {"uv": [8.5, 1, 8.75, 1.25], "texture": "#0"},
				"up": {"uv": [0, 0.25, 0, 0], "texture": "#0"},
				"down": {"uv": [0, 0, 0, 0.25], "texture": "#0"}
			}
		},
		{
			"from": [6.1, 17.3, -1],
			"to": [6.1, 18.3, 0],
			"rotation": {"angle": 0, "axis": "y", "origin": [7.1, 17.3, 0]},
			"faces": {
				"north": {"uv": [0, 0, 0, 0.25], "texture": "#0"},
				"east": {"uv": [8.5, 1.25, 8.75, 1.5], "texture": "#0"},
				"south": {"uv": [0, 0, 0, 0.25], "texture": "#0"},
				"west": {"uv": [8.5, 2, 8.75, 2.25], "texture": "#0"},
				"up": {"uv": [0, 0.25, 0, 0], "texture": "#0"},
				"down": {"uv": [0, 0, 0, 0.25], "texture": "#0"}
			}
		},
		{
			"from": [6.1, 17.3, -3],
			"to": [6.1, 18.3, -2],
			"rotation": {"angle": 0, "axis": "y", "origin": [7.1, 17.3, -2]},
			"faces": {
				"north": {"uv": [0, 0, 0, 0.25], "texture": "#0"},
				"east": {"uv": [8.5, 2.25, 8.75, 2.5], "texture": "#0"},
				"south": {"uv": [0, 0, 0, 0.25], "texture": "#0"},
				"west": {"uv": [8.5, 2.5, 8.75, 2.75], "texture": "#0"},
				"up": {"uv": [0, 0.25, 0, 0], "texture": "#0"},
				"down": {"uv": [0, 0, 0, 0.25], "texture": "#0"}
			}
		},
		{
			"from": [6.1, 17.3, -5],
			"to": [6.1, 18.3, -4],
			"rotation": {"angle": 0, "axis": "y", "origin": [7.1, 17.3, -4]},
			"faces": {
				"north": {"uv": [0, 0, 0, 0.25], "texture": "#0"},
				"east": {"uv": [3.25, 8.5, 3.5, 8.75], "texture": "#0"},
				"south": {"uv": [0, 0, 0, 0.25], "texture": "#0"},
				"west": {"uv": [6.5, 8.5, 6.75, 8.75], "texture": "#0"},
				"up": {"uv": [0, 0.25, 0, 0], "texture": "#0"},
				"down": {"uv": [0, 0, 0, 0.25], "texture": "#0"}
			}
		},
		{
			"from": [6.1, 17.3, -7],
			"to": [6.1, 18.3, -6],
			"rotation": {"angle": 0, "axis": "y", "origin": [7.1, 17.3, -6]},
			"faces": {
				"north": {"uv": [0, 0, 0, 0.25], "texture": "#0"},
				"east": {"uv": [6.75, 8.5, 7, 8.75], "texture": "#0"},
				"south": {"uv": [0, 0, 0, 0.25], "texture": "#0"},
				"west": {"uv": [8.5, 6.75, 8.75, 7], "texture": "#0"},
				"up": {"uv": [0, 0.25, 0, 0], "texture": "#0"},
				"down": {"uv": [0, 0, 0, 0.25], "texture": "#0"}
			}
		},
		{
			"from": [6.1, 11.3, -7],
			"to": [6.1, 12.3, -6],
			"rotation": {"angle": 0, "axis": "y", "origin": [7.1, 11.3, -6]},
			"faces": {
				"north": {"uv": [0, 0, 0, 0.25], "texture": "#0"},
				"east": {"uv": [8.5, 7, 8.75, 7.25], "texture": "#0"},
				"south": {"uv": [0, 0, 0, 0.25], "texture": "#0"},
				"west": {"uv": [8.5, 7.25, 8.75, 7.5], "texture": "#0"},
				"up": {"uv": [0, 0.25, 0, 0], "texture": "#0"},
				"down": {"uv": [0, 0, 0, 0.25], "texture": "#0"}
			}
		},
		{
			"from": [6.1, 11.3, -5],
			"to": [6.1, 12.3, -4],
			"rotation": {"angle": 0, "axis": "y", "origin": [7.1, 11.3, -4]},
			"faces": {
				"north": {"uv": [0, 0, 0, 0.25], "texture": "#0"},
				"east": {"uv": [8.5, 7.5, 8.75, 7.75], "texture": "#0"},
				"south": {"uv": [0, 0, 0, 0.25], "texture": "#0"},
				"west": {"uv": [8.5, 7.75, 8.75, 8], "texture": "#0"},
				"up": {"uv": [0, 0.25, 0, 0], "texture": "#0"},
				"down": {"uv": [0, 0, 0, 0.25], "texture": "#0"}
			}
		},
		{
			"from": [6.1, 11.3, -3],
			"to": [6.1, 12.3, -2],
			"rotation": {"angle": 0, "axis": "y", "origin": [7.1, 11.3, -2]},
			"faces": {
				"north": {"uv": [0, 0, 0, 0.25], "texture": "#0"},
				"east": {"uv": [8.5, 8, 8.75, 8.25], "texture": "#0"},
				"south": {"uv": [0, 0, 0, 0.25], "texture": "#0"},
				"west": {"uv": [8.5, 8.25, 8.75, 8.5], "texture": "#0"},
				"up": {"uv": [0, 0.25, 0, 0], "texture": "#0"},
				"down": {"uv": [0, 0, 0, 0.25], "texture": "#0"}
			}
		},
		{
			"from": [6.1, 11.3, -1],
			"to": [6.1, 12.3, 0],
			"rotation": {"angle": 0, "axis": "y", "origin": [7.1, 11.3, 0]},
			"faces": {
				"north": {"uv": [0, 0, 0, 0.25], "texture": "#0"},
				"east": {"uv": [8.5, 8.5, 8.75, 8.75], "texture": "#0"},
				"south": {"uv": [0, 0, 0, 0.25], "texture": "#0"},
				"west": {"uv": [0, 8.75, 0.25, 9], "texture": "#0"},
				"up": {"uv": [0, 0.25, 0, 0], "texture": "#0"},
				"down": {"uv": [0, 0, 0, 0.25], "texture": "#0"}
			}
		},
		{
			"from": [6.1, 11.3, 1],
			"to": [6.1, 12.3, 2],
			"rotation": {"angle": 0, "axis": "y", "origin": [7.1, 11.3, 2]},
			"faces": {
				"north": {"uv": [0, 0, 0, 0.25], "texture": "#0"},
				"east": {"uv": [0.25, 8.75, 0.5, 9], "texture": "#0"},
				"south": {"uv": [0, 0, 0, 0.25], "texture": "#0"},
				"west": {"uv": [8.75, 0.5, 9, 0.75], "texture": "#0"},
				"up": {"uv": [0, 0.25, 0, 0], "texture": "#0"},
				"down": {"uv": [0, 0, 0, 0.25], "texture": "#0"}
			}
		},
		{
			"from": [6.1, 11.3, 3],
			"to": [6.1, 12.3, 4],
			"rotation": {"angle": 0, "axis": "y", "origin": [7.1, 11.3, 4]},
			"faces": {
				"north": {"uv": [0, 0, 0, 0.25], "texture": "#0"},
				"east": {"uv": [8.75, 0.75, 9, 1], "texture": "#0"},
				"south": {"uv": [0, 0, 0, 0.25], "texture": "#0"},
				"west": {"uv": [1, 8.75, 1.25, 9], "texture": "#0"},
				"up": {"uv": [0, 0.25, 0, 0], "texture": "#0"},
				"down": {"uv": [0, 0, 0, 0.25], "texture": "#0"}
			}
		},
		{
			"from": [6.1, 11.3, 5],
			"to": [6.1, 12.3, 6],
			"rotation": {"angle": 0, "axis": "y", "origin": [7.1, 11.3, 6]},
			"faces": {
				"north": {"uv": [0, 0, 0, 0.25], "texture": "#0"},
				"east": {"uv": [8.75, 1, 9, 1.25], "texture": "#0"},
				"south": {"uv": [0, 0, 0, 0.25], "texture": "#0"},
				"west": {"uv": [1.25, 8.75, 1.5, 9], "texture": "#0"},
				"up": {"uv": [0, 0.25, 0, 0], "texture": "#0"},
				"down": {"uv": [0, 0, 0, 0.25], "texture": "#0"}
			}
		},
		{
			"from": [6.1, 11.3, 7],
			"to": [6.1, 12.3, 8],
			"rotation": {"angle": 0, "axis": "y", "origin": [7.1, 11.3, 8]},
			"faces": {
				"north": {"uv": [0, 0, 0, 0.25], "texture": "#0"},
				"east": {"uv": [8.75, 1.25, 9, 1.5], "texture": "#0"},
				"south": {"uv": [0, 0, 0, 0.25], "texture": "#0"},
				"west": {"uv": [1.5, 8.75, 1.75, 9], "texture": "#0"},
				"up": {"uv": [0, 0.25, 0, 0], "texture": "#0"},
				"down": {"uv": [0, 0, 0, 0.25], "texture": "#0"}
			}
		},
		{
			"from": [6.1, 12.3, -8],
			"to": [6.1, 13.3, -7],
			"rotation": {"angle": 0, "axis": "y", "origin": [7.1, 12.3, -7]},
			"faces": {
				"north": {"uv": [0, 0, 0, 0.25], "texture": "#0"},
				"east": {"uv": [8.75, 1.5, 9, 1.75], "texture": "#0"},
				"south": {"uv": [0, 0, 0, 0.25], "texture": "#0"},
				"west": {"uv": [1.75, 8.75, 2, 9], "texture": "#0"},
				"up": {"uv": [0, 0.25, 0, 0], "texture": "#0"},
				"down": {"uv": [0, 0, 0, 0.25], "texture": "#0"}
			}
		},
		{
			"from": [6.1, 16.3, -8],
			"to": [6.1, 17.3, -7],
			"rotation": {"angle": 0, "axis": "y", "origin": [7.1, 16.3, -7]},
			"faces": {
				"north": {"uv": [0, 0, 0, 0.25], "texture": "#0"},
				"east": {"uv": [8.75, 2, 9, 2.25], "texture": "#0"},
				"south": {"uv": [0, 0, 0, 0.25], "texture": "#0"},
				"west": {"uv": [2.25, 8.75, 2.5, 9], "texture": "#0"},
				"up": {"uv": [0, 0.25, 0, 0], "texture": "#0"},
				"down": {"uv": [0, 0, 0, 0.25], "texture": "#0"}
			}
		},
		{
			"from": [6.1, 14.3, -8],
			"to": [6.1, 15.3, -7],
			"rotation": {"angle": 0, "axis": "y", "origin": [7.1, 14.3, -7]},
			"faces": {
				"north": {"uv": [0, 0, 0, 0.25], "texture": "#0"},
				"east": {"uv": [8.75, 1.75, 9, 2], "texture": "#0"},
				"south": {"uv": [0, 0, 0, 0.25], "texture": "#0"},
				"west": {"uv": [2, 8.75, 2.25, 9], "texture": "#0"},
				"up": {"uv": [0, 0.25, 0, 0], "texture": "#0"},
				"down": {"uv": [0, 0, 0, 0.25], "texture": "#0"}
			}
		}
	],
	"display": {
		"thirdperson_righthand": {
			"rotation": [85.5, 16.85, 5.82],
			"translation": [2.25, 4.75, -12],
			"scale": [0.85, 0.85, 0.85]
		},
		"thirdperson_lefthand": {
			"rotation": [81.83, 17.5, -0.48],
			"translation": [-3.75, 1.5, -12],
			"scale": [0.85, 0.85, 0.85]
		},
		"firstperson_righthand": {
			"rotation": [0, 14, 0],
			"translation": [2.25, -9, -0.75]
		},
		"firstperson_lefthand": {
			"translation": [-1.75, -10, 0]
		},
		"gui": {
			"rotation": [0, -90, 0],
			"translation": [2.5, -7.5, 0],
			"scale": [0.87, 1, 0.87]
		},
		"head": {
			"rotation": [-68.45, -45.15, 78.65],
			"translation": [-2.5, 17, 3.5]
		},
		"fixed": {
			"rotation": [0, 89, 0],
			"translation": [0, -9.5, -2.5]
		}
	}
}
